Model,RMSE,R2 Score (%),Accuracy (%),Precision (%),Recall (%)
Linear Regression,2.6070785579104356,18.814155475663085,61.4,60.0,61.72839506172839
KNN,3.1870174144488135,-21.322388086443155,50.6,49.19028340080971,50.0
Random Forest,2.5528897828248605,22.154016904594652,61.8,60.4,62.139917695473244
XGBoost,2.692216504826888,13.42509388923645,61.199999999999996,59.8,61.52263374485597
